[{"Tier": 2, "Description": "-0.67% cooldowns", "Type": 3, "Id": 5173, "Name": "Glyph of Cooldown Reduction"}, {"Tier": 2, "Description": "+0.13 armor per level (+2.34 at champion level 18)", "Type": 2, "Id": 5196, "Name": "Seal of Scaling Armor"}, {"Tier": 2, "Description": "+8.75 mana", "Type": 3, "Id": 5177, "Name": "Glyph of Mana"}, {"Tier": 2, "Description": "+0.13 ability power per level (+2.34 at champion level 18)", "Type": 3, "Id": 5176, "Name": "Glyph of Scaling Ability Power"}, {"Tier": 2, "Description": "+0.92 ability power", "Type": 3, "Id": 5175, "Name": "Glyph of Ability Power"}, {"Tier": 2, "Description": "-0.07% cooldowns per level (-1.3% at champion level 18)", "Type": 3, "Id": 5174, "Name": "Glyph of Scaling Cooldown Reduction"}, {"Tier": 3, "Description": "+2.24 Lethality / +1.4 Magic Penetration", "Type": 4, "Id": 5418, "Name": "Greater Quintessence of Precision"}, {"Tier": 2, "Description": "+0.26 mana regen / 5 sec.", "Type": 3, "Id": 5179, "Name": "Glyph of Mana Regeneration"}, {"Tier": 2, "Description": "+1.1 mana per level (+19.8 at champion level 18)", "Type": 3, "Id": 5178, "Name": "Glyph of Scaling Mana"}, {"Tier": 2, "Description": "+2.1 health regen / 5 sec.", "Type": 4, "Id": 5229, "Name": "Quintessence of Health Regeneration"}, {"Tier": 3, "Description": "+1.33 health per level (+24 at champion level 18)", "Type": 2, "Id": 5316, "Name": "Greater Seal of Scaling Health"}, {"Tier": 2, "Description": "+1.85 magic penetration", "Type": 4, "Id": 8014, "Name": "Quintessence of the Piercing Screech"}, {"Tier": 1, "Description": "+0.06 health regen / 5 sec. per level (+1.08 at champion level 18)", "Type": 2, "Id": 5078, "Name": "Lesser Seal of Scaling Health Regeneration"}, {"Tier": 3, "Description": "+37.5 mana", "Type": 4, "Id": 5359, "Name": "Greater Quintessence of Mana"}, {"Tier": 3, "Description": "+2.01 magic penetration", "Type": 4, "Id": 8019, "Name": "Greater Quintessence of the Piercing Present"}, {"Tier": 1, "Description": "+0.75 health per level (+13.44 at champion level 18)", "Type": 2, "Id": 5072, "Name": "Lesser Seal of Scaling Health"}, {"Tier": 1, "Description": "+0.56 armor", "Type": 2, "Id": 5073, "Name": "Lesser Seal of Armor"}, {"Tier": 2, "Description": "+24 health", "Type": 4, "Id": 8015, "Name": "Quintessence of Bountiful Treats"}, {"Tier": 1, "Description": "+4.48 health", "Type": 2, "Id": 5071, "Name": "Lesser Seal of Health"}, {"Tier": 1, "Description": "+0.05 magic resist per level (+0.9 at champion level 18)", "Type": 2, "Id": 5076, "Name": "Lesser Seal of Scaling Magic Resist"}, {"Tier": 1, "Description": "+0.31 health regen / 5 sec.", "Type": 2, "Id": 5077, "Name": "Lesser Seal of Health Regeneration"}, {"Tier": 1, "Description": "+0.09 armor per level (+1.68 at champion level 18)", "Type": 2, "Id": 5074, "Name": "Lesser Seal of Scaling Armor"}, {"Tier": 1, "Description": "+0.41 magic resist", "Type": 2, "Id": 5075, "Name": "Lesser Seal of Magic Resist"}, {"Tier": 2, "Description": "+1.74 Lethality / +1.09 Magic Penetration", "Type": 4, "Id": 5417, "Name": "Quintessence of Precision"}, {"Tier": 3, "Description": "+0.28 attack damage", "Type": 3, "Id": 5275, "Name": "Greater Glyph of Attack Damage"}, {"Tier": 2, "Description": "+0.91 mana per level (+16.38 at champion level 18)", "Type": 2, "Id": 5208, "Name": "Seal of Scaling Mana"}, {"Tier": 3, "Description": "+0.64% attack speed", "Type": 3, "Id": 5277, "Name": "Greater Glyph of Attack Speed"}, {"Tier": 3, "Description": "+1.17 mana per level (+21.06 at champion level 18)", "Type": 1, "Id": 5270, "Name": "Greater Mark of Scaling Mana"}, {"Tier": 3, "Description": "+0.26 mana regen / 5 sec.", "Type": 1, "Id": 5271, "Name": "Greater Mark of Mana Regeneration"}, {"Tier": 2, "Description": "-0.75% cooldowns", "Type": 3, "Id": 8003, "Name": "Glyph of the Special Stocking"}, {"Tier": 3, "Description": "+0.87 magic penetration", "Type": 1, "Id": 5273, "Name": "Greater Mark of Magic Penetration"}, {"Tier": 3, "Description": "+5.4 Energy", "Type": 4, "Id": 5374, "Name": "Greater Quintessence of Energy"}, {"Tier": 3, "Description": "+2.2 Energy", "Type": 3, "Id": 5371, "Name": "Greater Glyph of Energy"}, {"Tier": 3, "Description": "+0.56% critical damage", "Type": 3, "Id": 5279, "Name": "Greater Glyph of Critical Damage"}, {"Tier": 3, "Description": "+1.575 Energy regen/5 sec", "Type": 4, "Id": 5373, "Name": "Greater Quintessence of Energy Regeneration"}, {"Tier": 3, "Description": "+0.161 Energy/level (+2.89 at level 18)", "Type": 3, "Id": 5372, "Name": "Greater Glyph of Scaling Energy"}, {"Tier": 2, "Description": "+2.96 lethality", "Type": 4, "Id": 8013, "Name": "Quintessence of the Headless Horseman"}, {"Tier": 3, "Description": "+2% Spellvamp.", "Type": 4, "Id": 5409, "Name": "Greater Quintessence of Spell Vamp"}, {"Tier": 1, "Description": "+0.43% critical damage", "Type": 2, "Id": 5065, "Name": "Lesser Seal of Critical Damage"}, {"Tier": 1, "Description": "+0.23% critical chance", "Type": 2, "Id": 5067, "Name": "Lesser Seal of Critical Chance"}, {"Tier": 1, "Description": "+0.24 attack damage", "Type": 2, "Id": 5061, "Name": "Lesser Seal of Attack Damage"}, {"Tier": 1, "Description": "+0.42% attack speed", "Type": 2, "Id": 5063, "Name": "Lesser Seal of Attack Speed"}, {"Tier": 1, "Description": "+0.03 attack damage per level (+0.61 at champion level 18)", "Type": 2, "Id": 5062, "Name": "Lesser Seal of Scaling Attack Damage"}, {"Tier": 2, "Description": "+0.08 ability power per level (+1.44 at champion level 18)", "Type": 1, "Id": 5146, "Name": "Mark of Scaling Ability Power"}, {"Tier": 2, "Description": "+4.59 mana", "Type": 1, "Id": 5147, "Name": "Mark of Mana"}, {"Tier": 2, "Description": "+0.46 ability power", "Type": 1, "Id": 5145, "Name": "Mark of Ability Power"}, {"Tier": 2, "Description": "-0.16% cooldowns", "Type": 1, "Id": 5143, "Name": "Mark of Cooldown Reduction"}, {"Tier": 2, "Description": "+1.17% movement speed", "Type": 4, "Id": 5243, "Name": "Quintessence of Movement Speed"}, {"Tier": 2, "Description": "+0.29 magic resist per level (+5.22 at champion level 18)", "Type": 4, "Id": 5228, "Name": "Quintessence of Scaling Magic Resist"}, {"Tier": 3, "Description": "+1.5% movement speed", "Type": 4, "Id": 8022, "Name": "Greater Quintessence of Sugar Rush"}, {"Tier": 3, "Description": "+3.20 lethality", "Type": 4, "Id": 8020, "Name": "Greater Quintessence of the Deadly Wreath"}, {"Tier": 3, "Description": "+26 health", "Type": 4, "Id": 8021, "Name": "Greater Quintessence of Frosty Health"}, {"Tier": 1, "Description": "+0.28% Health.", "Type": 2, "Id": 5413, "Name": "Lesser Seal of Percent Health"}, {"Tier": 3, "Description": "+1.86% critical chance", "Type": 4, "Id": 5341, "Name": "Greater Quintessence of Critical Chance"}, {"Tier": 3, "Description": "+0.59 ability power", "Type": 1, "Id": 5267, "Name": "Greater Mark of Ability Power"}, {"Tier": 3, "Description": "+0.78% critical damage", "Type": 2, "Id": 5309, "Name": "Greater Seal of Critical Damage"}, {"Tier": 3, "Description": "-0.2% cooldowns", "Type": 1, "Id": 5265, "Name": "Greater Mark of Cooldown Reduction"}, {"Tier": 3, "Description": "+0.77 magic resist", "Type": 1, "Id": 5259, "Name": "Greater Mark of Magic Resist"}, {"Tier": 3, "Description": "+0.07 magic resist per level (+1.26 at champion level 18)", "Type": 1, "Id": 5260, "Name": "Greater Mark of Scaling Magic Resist"}, {"Tier": 3, "Description": "+1.42 mana per level (+25.56 at champion level 18)", "Type": 3, "Id": 5300, "Name": "Greater Glyph of Scaling Mana"}, {"Tier": 3, "Description": "+0.33 mana regen / 5 sec.", "Type": 3, "Id": 5301, "Name": "Greater Glyph of Mana Regeneration"}, {"Tier": 3, "Description": "+0.06 mana regen / 5 sec. per level (+1.2 at champion level 18)", "Type": 3, "Id": 5302, "Name": "Greater Glyph of Scaling Mana Regeneration"}, {"Tier": 3, "Description": "+0.63 magic penetration", "Type": 3, "Id": 5303, "Name": "Greater Glyph of Magic Penetration"}, {"Tier": 3, "Description": "+0.43 attack damage", "Type": 2, "Id": 5305, "Name": "Greater Seal of Attack Damage"}, {"Tier": 3, "Description": "+5.91 mana", "Type": 1, "Id": 5269, "Name": "Greater Mark of Mana"}, {"Tier": 3, "Description": "+0.1 ability power per level (+1.8 at champion level 18)", "Type": 1, "Id": 5268, "Name": "Greater Mark of Scaling Ability Power"}, {"Tier": 2, "Description": "+1.17% Life Steal", "Type": 4, "Id": 5411, "Name": "Quintessence of Life Steal"}, {"Tier": 2, "Description": "+0.22% critical chance", "Type": 3, "Id": 5159, "Name": "Glyph of Critical Chance"}, {"Tier": 1, "Description": "+1.93 health", "Type": 1, "Id": 5011, "Name": "Lesser Mark of Health"}, {"Tier": 1, "Description": "+0.3 health per level (+5.4 at champion level 18)", "Type": 1, "Id": 5012, "Name": "Lesser Mark of Scaling Health"}, {"Tier": 1, "Description": "+0.51 armor", "Type": 1, "Id": 5013, "Name": "Lesser Mark of Armor"}, {"Tier": 1, "Description": "+0.43 magic resist", "Type": 1, "Id": 5015, "Name": "Lesser Mark of Magic Resist"}, {"Tier": 1, "Description": "+0.04 magic resist per level (+0.72 at champion level 18)", "Type": 1, "Id": 5016, "Name": "Lesser Mark of Scaling Magic Resist"}, {"Tier": 2, "Description": "+0.68 magic penetration", "Type": 1, "Id": 5151, "Name": "Mark of Magic Penetration"}, {"Tier": 3, "Description": "+0.38 armor per level (+6.84 at champion level 18)", "Type": 4, "Id": 5348, "Name": "Greater Quintessence of Scaling Armor"}, {"Tier": 2, "Description": "+0.22 attack damage", "Type": 3, "Id": 5153, "Name": "Glyph of Attack Damage"}, {"Tier": 3, "Description": "+0.25 attack damage per level (+4.5 at champion level 18)", "Type": 4, "Id": 5336, "Name": "Greater Quintessence of Scaling Attack Damage"}, {"Tier": 2, "Description": "+0.5% attack speed", "Type": 3, "Id": 5155, "Name": "Glyph of Attack Speed"}, {"Tier": 2, "Description": "+0.03 attack damage per level (+0.57 at champion level 18)", "Type": 3, "Id": 5154, "Name": "Glyph of Scaling Attack Damage"}, {"Tier": 2, "Description": "+0.43% critical damage", "Type": 3, "Id": 5157, "Name": "Glyph of Critical Damage"}, {"Tier": 3, "Description": "+4 magic resist", "Type": 4, "Id": 5349, "Name": "Greater Quintessence of Magic Resist"}, {"Tier": 3, "Description": "+4.46% critical damage", "Type": 4, "Id": 5339, "Name": "Greater Quintessence of Critical Damage"}, {"Tier": 3, "Description": "+0.06 attack damage per level (+1.09 at champion level 18)", "Type": 2, "Id": 5306, "Name": "Greater Seal of Scaling Attack Damage"}, {"Tier": 2, "Description": "+1.39% movement speed", "Type": 4, "Id": 8016, "Name": "Quintessence of the Speedy Specter"}, {"Tier": 3, "Description": "+0.76% attack speed", "Type": 2, "Id": 5307, "Name": "Greater Seal of Attack Speed"}, {"Tier": 2, "Description": "+0.39% Health.", "Type": 2, "Id": 5414, "Name": "Seal of Percent Health"}, {"Tier": 1, "Description": "+1.78 lethality", "Type": 4, "Id": 5099, "Name": "Lesser Quintessence of Lethality"}, {"Tier": 3, "Description": "+0.74 magic resist", "Type": 2, "Id": 5319, "Name": "Greater Seal of Magic Resist"}, {"Tier": 3, "Description": "+0.93% critical chance", "Type": 1, "Id": 5251, "Name": "Greater Mark of Critical Chance"}, {"Tier": 3, "Description": "+0.54 health per level (+9.72 at champion level 18)", "Type": 1, "Id": 5256, "Name": "Greater Mark of Scaling Health"}, {"Tier": 3, "Description": "+0.91 armor", "Type": 1, "Id": 5257, "Name": "Greater Mark of Armor"}, {"Tier": 3, "Description": "+1.5% Life Steal.", "Type": 4, "Id": 5412, "Name": "Greater Quintessence of Life Steal"}, {"Tier": 3, "Description": "+3.47 health", "Type": 1, "Id": 5255, "Name": "Greater Mark of Health"}, {"Tier": 1, "Description": "+1.25 attack damage", "Type": 4, "Id": 5091, "Name": "Lesser Quintessence of Attack Damage"}, {"Tier": 1, "Description": "+0.14 attack damage per level (+2.52 at champion level 18)", "Type": 4, "Id": 5092, "Name": "Lesser Quintessence of Scaling Attack Damage"}, {"Tier": 1, "Description": "+2.52% attack speed", "Type": 4, "Id": 5093, "Name": "Lesser Quintessence of Attack Speed"}, {"Tier": 3, "Description": "+1 armor", "Type": 2, "Id": 5317, "Name": "Greater Seal of Armor"}, {"Tier": 1, "Description": "+2.48% critical damage", "Type": 4, "Id": 5095, "Name": "Lesser Quintessence of Critical Damage"}, {"Tier": 3, "Description": "+8 health", "Type": 2, "Id": 5315, "Name": "Greater Seal of Health"}, {"Tier": 1, "Description": "+1.03% critical chance", "Type": 4, "Id": 5097, "Name": "Lesser Quintessence of Critical Chance"}, {"Tier": 3, "Description": "+0.28% critical chance", "Type": 3, "Id": 5281, "Name": "Greater Glyph of Critical Chance"}, {"Tier": 1, "Description": "+0.66 ability power", "Type": 3, "Id": 8011, "Name": "Lesser Glyph of the Challenger"}, {"Tier": 1, "Description": "+0.84% Life Steal", "Type": 4, "Id": 5410, "Name": "Lesser Quintessence of Life Steal"}, {"Tier": 1, "Description": "+0.94% attack speed", "Type": 1, "Id": 5003, "Name": "Lesser Mark of Attack Speed"}, {"Tier": 1, "Description": "+0.08 attack damage per level (+1.35 at champion level 18)", "Type": 1, "Id": 5002, "Name": "Lesser Mark of Scaling Attack Damage"}, {"Tier": 1, "Description": "+0.53 attack damage", "Type": 1, "Id": 5001, "Name": "Lesser Mark of Attack Damage"}, {"Tier": 1, "Description": "+0.52% critical chance", "Type": 1, "Id": 5007, "Name": "Lesser Mark of Critical Chance"}, {"Tier": 1, "Description": "+1.24% critical damage", "Type": 1, "Id": 5005, "Name": "Lesser Mark of Critical Damage"}, {"Tier": 1, "Description": "+0.90 lethality", "Type": 1, "Id": 5009, "Name": "Lesser Mark of Lethality"}, {"Tier": 3, "Description": "+0.04 attack damage per level (+0.73 at champion level 18)", "Type": 3, "Id": 5276, "Name": "Greater Glyph of Scaling Attack Damage"}, {"Tier": 3, "Description": "+0.59 ability power", "Type": 2, "Id": 5327, "Name": "Greater Seal of Ability Power"}, {"Tier": 3, "Description": "+3.20 lethality", "Type": 4, "Id": 5343, "Name": "Greater Quintessence of Lethality"}, {"Tier": 3, "Description": "-0.36% cooldowns", "Type": 2, "Id": 5325, "Name": "Greater Seal of Cooldown Reduction"}, {"Tier": 3, "Description": "+0.11 health regen / 5 sec. per level (+1.98 at champion level 18)", "Type": 2, "Id": 5322, "Name": "Greater Seal of Scaling Health Regeneration"}, {"Tier": 2, "Description": "+0.72% critical chance", "Type": 1, "Id": 5129, "Name": "Mark of Critical Chance"}, {"Tier": 3, "Description": "+0.1 magic resist per level (+1.8 at champion level 18)", "Type": 2, "Id": 5320, "Name": "Greater Seal of Scaling Magic Resist"}, {"Tier": 3, "Description": "+0.56 health regen / 5 sec.", "Type": 2, "Id": 5321, "Name": "Greater Seal of Health Regeneration"}, {"Tier": 2, "Description": "+0.1 attack damage per level (+1.89 at champion level 18)", "Type": 1, "Id": 5124, "Name": "Mark of Scaling Attack Damage"}, {"Tier": 2, "Description": "+1.32% attack speed", "Type": 1, "Id": 5125, "Name": "Mark of Attack Speed"}, {"Tier": 2, "Description": "+1.74% critical damage", "Type": 1, "Id": 5127, "Name": "Mark of Critical Damage"}, {"Tier": 1, "Description": "+0.83% movement speed", "Type": 4, "Id": 5121, "Name": "Lesser Quintessence of Movement Speed"}, {"Tier": 3, "Description": "+0.1 ability power per level (+1.8 at champion level 18)", "Type": 2, "Id": 5328, "Name": "Greater Seal of Scaling Ability Power"}, {"Tier": 2, "Description": "+0.74 attack damage", "Type": 1, "Id": 5123, "Name": "Mark of Attack Damage"}, {"Tier": 2, "Description": "+0.7 Leth / +0.48 M.Pen", "Type": 1, "Id": 5401, "Name": "Mark of Precision"}, {"Tier": 3, "Description": "+1.5% increased health.", "Type": 4, "Id": 5406, "Name": "Greater Quintessence of Percent Health"}, {"Tier": 2, "Description": "+1.17% increased health.", "Type": 4, "Id": 5405, "Name": "Quintessence of Percent Health"}, {"Tier": 1, "Description": "+0.036 mana regen / 5 sec. per level (+0.65 at champion level 18)", "Type": 2, "Id": 5088, "Name": "Lesser Seal of Scaling Mana Regeneration"}, {"Tier": 3, "Description": "+2.23% critical damage", "Type": 1, "Id": 5249, "Name": "Greater Mark of Critical Damage"}, {"Tier": 3, "Description": "+1.13 Lethality / +0.62 Magic Penetration", "Type": 1, "Id": 5402, "Name": "Greater Mark of Precision"}, {"Tier": 3, "Description": "+0.17 ability power per level (+3.06 at champion level 18)", "Type": 3, "Id": 5298, "Name": "Greater Glyph of Scaling Ability Power"}, {"Tier": 1, "Description": "+0.63 Lethality / +0.34 Magic Penetration", "Type": 1, "Id": 5400, "Name": "Lesser Mark of Precision"}, {"Tier": 1, "Description": "+0.33 ability power", "Type": 2, "Id": 5083, "Name": "Lesser Seal of Ability Power"}, {"Tier": 3, "Description": "+0.28 health regen / 5 sec. per level (+5.04 at champion level 18)", "Type": 4, "Id": 5352, "Name": "Greater Quintessence of Scaling Health Regeneration"}, {"Tier": 1, "Description": "-0.2% cooldowns", "Type": 2, "Id": 5081, "Name": "Lesser Seal of Cooldown Reduction"}, {"Tier": 3, "Description": "+0.13 attack damage per level (+2.43 at champion level 18)", "Type": 1, "Id": 5246, "Name": "Greater Mark of Scaling Attack Damage"}, {"Tier": 1, "Description": "+0.23 mana regen / 5 sec.", "Type": 2, "Id": 5087, "Name": "Lesser Seal of Mana Regeneration"}, {"Tier": 1, "Description": "+0.65 mana per level (+11.7 at champion level 18)", "Type": 2, "Id": 5086, "Name": "Lesser Seal of Scaling Mana"}, {"Tier": 1, "Description": "+3.83 mana", "Type": 2, "Id": 5085, "Name": "Lesser Seal of Mana"}, {"Tier": 1, "Description": "+0.06 ability power per level (+1.08 at champion level 18)", "Type": 2, "Id": 5084, "Name": "Lesser Seal of Scaling Ability Power"}, {"Tier": 3, "Description": "+0.5% Health.", "Type": 2, "Id": 5415, "Name": "Greater Seal of Percent Health"}, {"Tier": 2, "Description": "+2% critical damage", "Type": 1, "Id": 8008, "Name": "Mark of the Combatant"}, {"Tier": 3, "Description": "+2.7 health per level (+48.6 at champion level 18)", "Type": 4, "Id": 5346, "Name": "Greater Quintessence of Scaling Health"}, {"Tier": 3, "Description": "+1.5% movement speed", "Type": 4, "Id": 8035, "Name": "Greater Quintessence of Studio Rumble"}, {"Tier": 3, "Description": "+11.25 mana", "Type": 3, "Id": 5299, "Name": "Greater Glyph of Mana"}, {"Tier": 1, "Description": "+0.15% critical chance", "Type": 3, "Id": 5037, "Name": "Lesser Glyph of Critical Chance"}, {"Tier": 1, "Description": "+0.31% critical damage", "Type": 3, "Id": 5035, "Name": "Lesser Glyph of Critical Damage"}, {"Tier": 1, "Description": "+0.02 attack damage per level (+0.36 at champion level 18)", "Type": 3, "Id": 5032, "Name": "Lesser Glyph of Scaling Attack Damage"}, {"Tier": 1, "Description": "+0.35% attack speed", "Type": 3, "Id": 5033, "Name": "Lesser Glyph of Attack Speed"}, {"Tier": 1, "Description": "+0.16 attack damage", "Type": 3, "Id": 5031, "Name": "Lesser Glyph of Attack Damage"}, {"Tier": 3, "Description": "+0.41 mana regen / 5 sec.", "Type": 2, "Id": 5331, "Name": "Greater Seal of Mana Regeneration"}, {"Tier": 2, "Description": "+0.32 mana regen / 5 sec.", "Type": 2, "Id": 5209, "Name": "Seal of Mana Regeneration"}, {"Tier": 3, "Description": "+0.065 mana regen / 5 sec. per level (+1.17 at champion level 18)", "Type": 2, "Id": 5332, "Name": "Greater Seal of Scaling Mana Regeneration"}, {"Tier": 3, "Description": "+2.25 attack damage", "Type": 4, "Id": 5335, "Name": "Greater Quintessence of Attack Damage"}, {"Tier": 3, "Description": "+4.5% attack speed", "Type": 4, "Id": 5337, "Name": "Greater Quintessence of Attack Speed"}, {"Tier": 2, "Description": "+0.06 magic resist per level (+1.08 at champion level 18)", "Type": 1, "Id": 5138, "Name": "Mark of Scaling Magic Resist"}, {"Tier": 2, "Description": "+0.6 magic resist", "Type": 1, "Id": 5137, "Name": "Mark of Magic Resist"}, {"Tier": 2, "Description": "+0.71 armor", "Type": 1, "Id": 5135, "Name": "Mark of Armor"}, {"Tier": 2, "Description": "+0.42 health per level (+7.56 at champion level 18)", "Type": 1, "Id": 5134, "Name": "Mark of Scaling Health"}, {"Tier": 2, "Description": "+2.7 health", "Type": 1, "Id": 5133, "Name": "Mark of Health"}, {"Tier": 1, "Description": "+0.72 health per level (+12.96 at champion level 18)", "Type": 2, "Id": 8006, "Name": "Lesser Seal of the Stout Snowman"}, {"Tier": 2, "Description": "+1.25 lethality", "Type": 1, "Id": 5131, "Name": "Mark of Lethality"}, {"Tier": 2, "Description": "+3.24 mana per level (+58.32 at champion level 18)", "Type": 4, "Id": 5238, "Name": "Quintessence of Scaling Mana"}, {"Tier": 2, "Description": "+0.97 mana regen / 5 sec.", "Type": 4, "Id": 5239, "Name": "Quintessence of Mana Regeneration"}, {"Tier": 2, "Description": "+2% critical damage", "Type": 1, "Id": 8001, "Name": "Mark of the Crippling Candy Cane"}, {"Tier": 1, "Description": "+2.75 ability power", "Type": 4, "Id": 5113, "Name": "Lesser Quintessence of Ability Power"}, {"Tier": 2, "Description": "+0.22 health regen / 5 sec. per level (+3.96 at champion level 18)", "Type": 4, "Id": 5230, "Name": "Quintessence of Scaling Health Regeneration"}, {"Tier": 2, "Description": "-1.95% cooldowns", "Type": 4, "Id": 5233, "Name": "Quintessence of Cooldown Reduction"}, {"Tier": 2, "Description": "-0.21% cooldowns per level (-3.9% at champion level 18)", "Type": 4, "Id": 5234, "Name": "Quintessence of Scaling Cooldown Reduction"}, {"Tier": 2, "Description": "+3.85 ability power", "Type": 4, "Id": 5235, "Name": "Quintessence of Ability Power"}, {"Tier": 2, "Description": "+0.34 ability power per level (+6.12 at champion level 18)", "Type": 4, "Id": 5236, "Name": "Quintessence of Scaling Ability Power"}, {"Tier": 2, "Description": "+29.17 mana", "Type": 4, "Id": 5237, "Name": "Quintessence of Mana"}, {"Tier": 1, "Description": "+0.62% critical chance", "Type": 1, "Id": 8002, "Name": "Lesser Mark of the Yuletide Tannenbaum "}, {"Tier": 3, "Description": "+1.19 ability power", "Type": 3, "Id": 5297, "Name": "Greater Glyph of Ability Power"}, {"Tier": 3, "Description": "+1.60 lethality", "Type": 1, "Id": 5253, "Name": "Greater Mark of Lethality"}, {"Tier": 3, "Description": "+6.89 mana", "Type": 2, "Id": 5329, "Name": "Greater Seal of Mana"}, {"Tier": 2, "Description": "+1.56% Spellvamp.", "Type": 4, "Id": 5408, "Name": "Quintessence of Spell Vamp"}, {"Tier": 1, "Description": "+0.49 magic penetration", "Type": 1, "Id": 5029, "Name": "Lesser Mark of Magic Penetration"}, {"Tier": 1, "Description": "+1.12% Spellvamp.", "Type": 4, "Id": 5407, "Name": "Lesser Quintessence of Spell Vamp"}, {"Tier": 2, "Description": "+4.56 ability power", "Type": 4, "Id": 8017, "Name": "Quintessence of the Witches Brew"}, {"Tier": 1, "Description": "-0.11% cooldowns", "Type": 1, "Id": 5021, "Name": "Lesser Mark of Cooldown Reduction"}, {"Tier": 1, "Description": "+0.33 ability power", "Type": 1, "Id": 5023, "Name": "Lesser Mark of Ability Power"}, {"Tier": 1, "Description": "+3.28 mana", "Type": 1, "Id": 5025, "Name": "Lesser Mark of Mana"}, {"Tier": 1, "Description": "+0.06 ability power per level (+1.08 at champion level 18)", "Type": 1, "Id": 5024, "Name": "Lesser Mark of Scaling Ability Power"}, {"Tier": 1, "Description": "+0.15 mana regen / 5 sec.", "Type": 1, "Id": 5027, "Name": "Lesser Mark of Mana Regeneration"}, {"Tier": 1, "Description": "+0.65 mana per level (+11.7 at champion level 18)", "Type": 1, "Id": 5026, "Name": "Lesser Mark of Scaling Mana"}, {"Tier": 1, "Description": "+0.16 health regen / 5 sec. per level (+2.88 at champion level 18)", "Type": 4, "Id": 5108, "Name": "Lesser Quintessence of Scaling Health Regeneration"}, {"Tier": 1, "Description": "+0.84% increased health.", "Type": 4, "Id": 5404, "Name": "Lesser Quintessence of Percent Health"}, {"Tier": 1, "Description": "+1.5 health per level (+27 at champion level 18)", "Type": 4, "Id": 5102, "Name": "Lesser Quintessence of Scaling Health"}, {"Tier": 1, "Description": "+2.37 armor", "Type": 4, "Id": 5103, "Name": "Lesser Quintessence of Armor"}, {"Tier": 1, "Description": "+14.5 health", "Type": 4, "Id": 5101, "Name": "Lesser Quintessence of Health"}, {"Tier": 1, "Description": "+0.21 magic resist per level (+3.78 at champion level 18)", "Type": 4, "Id": 5106, "Name": "Lesser Quintessence of Scaling Magic Resist"}, {"Tier": 1, "Description": "+1.5 health regen / 5 sec.", "Type": 4, "Id": 5107, "Name": "Lesser Quintessence of Health Regeneration"}, {"Tier": 1, "Description": "+0.21 armor per level (+3.78 at champion level 18)", "Type": 4, "Id": 5104, "Name": "Lesser Quintessence of Scaling Armor"}, {"Tier": 1, "Description": "+2.22 magic resist", "Type": 4, "Id": 5105, "Name": "Lesser Quintessence of Magic Resist"}, {"Tier": 2, "Description": "+0.33 attack damage", "Type": 2, "Id": 5183, "Name": "Seal of Attack Damage"}, {"Tier": 2, "Description": "+0.05 mana regen / 5 sec. per level (+0.94 at champion level 18)", "Type": 3, "Id": 5180, "Name": "Glyph of Scaling Mana Regeneration"}, {"Tier": 2, "Description": "+0.49 magic penetration", "Type": 3, "Id": 5181, "Name": "Glyph of Magic Penetration"}, {"Tier": 2, "Description": "+0.61% critical damage", "Type": 2, "Id": 5187, "Name": "Seal of Critical Damage"}, {"Tier": 2, "Description": "+0.05 attack damage per level (+0.85 at champion level 18)", "Type": 2, "Id": 5184, "Name": "Seal of Scaling Attack Damage"}, {"Tier": 2, "Description": "+0.59% attack speed", "Type": 2, "Id": 5185, "Name": "Seal of Attack Speed"}, {"Tier": 2, "Description": "+20 health", "Type": 4, "Id": 5223, "Name": "Quintessence of Health"}, {"Tier": 2, "Description": "+2.49 lethality", "Type": 4, "Id": 5221, "Name": "Quintessence of Lethality"}, {"Tier": 2, "Description": "+0.32% critical chance", "Type": 2, "Id": 5189, "Name": "Seal of Critical Chance"}, {"Tier": 2, "Description": "+3.11 magic resist", "Type": 4, "Id": 5227, "Name": "Quintessence of Magic Resist"}, {"Tier": 2, "Description": "+0.29 armor per level (+5.22 at champion level 18)", "Type": 4, "Id": 5226, "Name": "Quintessence of Scaling Armor"}, {"Tier": 2, "Description": "+3.32 armor", "Type": 4, "Id": 5225, "Name": "Quintessence of Armor"}, {"Tier": 2, "Description": "+2.1 health per level (+37.8 at champion level 18)", "Type": 4, "Id": 5224, "Name": "Quintessence of Scaling Health"}, {"Tier": 3, "Description": "+0.95 attack damage", "Type": 1, "Id": 5245, "Name": "Greater Mark of Attack Damage"}, {"Tier": 1, "Description": "+0.12 ability power per level (+2.16 at champion level 18)", "Type": 3, "Id": 8005, "Name": "Lesser Glyph of the Gracious Gift"}, {"Tier": 2, "Description": "-0.75% cooldowns", "Type": 3, "Id": 8012, "Name": "Glyph of the Soaring Slalom"}, {"Tier": 3, "Description": "+1.7% attack speed", "Type": 1, "Id": 5247, "Name": "Greater Mark of Attack Speed"}, {"Tier": 2, "Description": "+1.75 attack damage", "Type": 4, "Id": 5213, "Name": "Quintessence of Attack Damage"}, {"Tier": 1, "Description": "+20.83 mana", "Type": 4, "Id": 5115, "Name": "Lesser Quintessence of Mana"}, {"Tier": 1, "Description": "+0.24 ability power per level (+4.32 at champion level 18)", "Type": 4, "Id": 5114, "Name": "Lesser Quintessence of Scaling Ability Power"}, {"Tier": 1, "Description": "+0.69 mana regen / 5 sec.", "Type": 4, "Id": 5117, "Name": "Lesser Quintessence of Mana Regeneration"}, {"Tier": 1, "Description": "+2.31 mana per level (+41.58 at champion level 18)", "Type": 4, "Id": 5116, "Name": "Lesser Quintessence of Scaling Mana"}, {"Tier": 1, "Description": "-1.4% cooldowns", "Type": 4, "Id": 5111, "Name": "Lesser Quintessence of Cooldown Reduction"}, {"Tier": 3, "Description": "+2.23% critical damage", "Type": 1, "Id": 10001, "Name": "Razer Mark of Precision"}, {"Tier": 3, "Description": "+1.5% movement speed", "Type": 4, "Id": 10002, "Name": "Razer Quintessence of Speed"}, {"Tier": 1, "Description": "-0.15% cooldowns per level (-2.8% at champion level 18)", "Type": 4, "Id": 5112, "Name": "Lesser Quintessence of Scaling Cooldown Reduction"}, {"Tier": 3, "Description": "-0.09% cooldowns per level (-1.67% at champion level 18)", "Type": 3, "Id": 5296, "Name": "Greater Glyph of Scaling Cooldown Reduction"}, {"Tier": 2, "Description": "+1.56 magic penetration", "Type": 4, "Id": 5241, "Name": "Quintessence of Magic Penetration"}, {"Tier": 3, "Description": "-0.83% cooldowns", "Type": 3, "Id": 5295, "Name": "Greater Glyph of Cooldown Reduction"}, {"Tier": 1, "Description": "+1.11 magic penetration", "Type": 4, "Id": 5119, "Name": "Lesser Quintessence of Magic Penetration"}, {"Tier": 1, "Description": "+0.14 mana regen / 5 sec. per level (+2.52 at champion level 18)", "Type": 4, "Id": 5118, "Name": "Lesser Quintessence of Scaling Mana Regeneration"}, {"Tier": 3, "Description": "+0.16 magic resist per level (+3 at champion level 18)", "Type": 3, "Id": 5290, "Name": "Greater Glyph of Scaling Magic Resist"}, {"Tier": 2, "Description": "+0.19 mana regen / 5 sec. per level (+3.42 at champion level 18)", "Type": 4, "Id": 5240, "Name": "Quintessence of Scaling Mana Regeneration"}, {"Tier": 2, "Description": "+3.47% critical damage", "Type": 4, "Id": 5217, "Name": "Quintessence of Critical Damage"}, {"Tier": 2, "Description": "+0.19 attack damage per level (+3.42 at champion level 18)", "Type": 4, "Id": 5214, "Name": "Quintessence of Scaling Attack Damage"}, {"Tier": 2, "Description": "+3.51% attack speed", "Type": 4, "Id": 5215, "Name": "Quintessence of Attack Speed"}, {"Tier": 1, "Description": "+0.04 mana regen / 5 sec. per level (+0.67 at champion level 18)", "Type": 3, "Id": 5058, "Name": "Lesser Glyph of Scaling Mana Regeneration"}, {"Tier": 1, "Description": "+0.35 magic penetration", "Type": 3, "Id": 5059, "Name": "Lesser Glyph of Magic Penetration"}, {"Tier": 2, "Description": "+0.05 mana regen / 5 sec. per level (+0.9 at champion level 18)", "Type": 2, "Id": 5210, "Name": "Seal of Scaling Mana Regeneration"}, {"Tier": 1, "Description": "+0.1 ability power per level (+1.8 at champion level 18)", "Type": 3, "Id": 5054, "Name": "Lesser Glyph of Scaling Ability Power"}, {"Tier": 1, "Description": "+6.25 mana", "Type": 3, "Id": 5055, "Name": "Lesser Glyph of Mana"}, {"Tier": 1, "Description": "+0.79 mana per level (+14.22 at champion level 18)", "Type": 3, "Id": 5056, "Name": "Lesser Glyph of Scaling Mana"}, {"Tier": 1, "Description": "+0.19 mana regen / 5 sec.", "Type": 3, "Id": 5057, "Name": "Lesser Glyph of Mana Regeneration"}, {"Tier": 1, "Description": "-0.47% cooldowns", "Type": 3, "Id": 5051, "Name": "Lesser Glyph of Cooldown Reduction"}, {"Tier": 1, "Description": "-0.05% cooldowns per level (-0.93% at champion level 18)", "Type": 3, "Id": 5052, "Name": "Lesser Glyph of Scaling Cooldown Reduction"}, {"Tier": 1, "Description": "+0.66 ability power", "Type": 3, "Id": 5053, "Name": "Lesser Glyph of Ability Power"}, {"Tier": 3, "Description": "+4.95 ability power", "Type": 4, "Id": 5357, "Name": "Greater Quintessence of Ability Power"}, {"Tier": 3, "Description": "-0.28% cooldowns per level (-5% at champion level 18)", "Type": 4, "Id": 5356, "Name": "Greater Quintessence of Scaling Cooldown Reduction"}, {"Tier": 3, "Description": "-2.5% cooldowns", "Type": 4, "Id": 5355, "Name": "Greater Quintessence of Cooldown Reduction"}, {"Tier": 2, "Description": "+0.43 health regen / 5 sec.", "Type": 2, "Id": 5199, "Name": "Seal of Health Regeneration"}, {"Tier": 2, "Description": "+0.91 mana per level (+16.38 at champion level 18)", "Type": 1, "Id": 5148, "Name": "Mark of Scaling Mana"}, {"Tier": 3, "Description": "+2.7 health regen / 5 sec.", "Type": 4, "Id": 5351, "Name": "Greater Quintessence of Health Regeneration"}, {"Tier": 3, "Description": "+0.37 magic resist per level (+6.66 at champion level 18)", "Type": 4, "Id": 5350, "Name": "Greater Quintessence of Scaling Magic Resist"}, {"Tier": 2, "Description": "+0.78 armor", "Type": 2, "Id": 5195, "Name": "Seal of Armor"}, {"Tier": 2, "Description": "+1.04 health per level (+18.72 at champion level 18)", "Type": 2, "Id": 5194, "Name": "Seal of Scaling Health"}, {"Tier": 2, "Description": "+0.58 magic resist", "Type": 2, "Id": 5197, "Name": "Seal of Magic Resist"}, {"Tier": 2, "Description": "+0.2 mana regen / 5 sec.", "Type": 1, "Id": 5149, "Name": "Mark of Mana Regeneration"}, {"Tier": 2, "Description": "+6.24 health", "Type": 2, "Id": 5193, "Name": "Seal of Health"}, {"Tier": 3, "Description": "+0.43 ability power per level (+7.74 at champion level 18)", "Type": 4, "Id": 5358, "Name": "Greater Quintessence of Scaling Ability Power"}, {"Tier": 3, "Description": "+26 health", "Type": 4, "Id": 5345, "Name": "Greater Quintessence of Health"}, {"Tier": 3, "Description": "+4.26 armor", "Type": 4, "Id": 5347, "Name": "Greater Quintessence of Armor"}, {"Tier": 2, "Description": "+1.44% critical chance", "Type": 4, "Id": 5219, "Name": "Quintessence of Critical Chance"}, {"Tier": 3, "Description": "+0.064 Energy regen/5 sec per level (+1.15 at champion level 18)", "Type": 2, "Id": 5370, "Name": "Greater Seal of Scaling Energy Regeneration"}, {"Tier": 3, "Description": "+1.34 magic resist", "Type": 3, "Id": 5289, "Name": "Greater Glyph of Magic Resist"}, {"Tier": 2, "Description": "+2.08 health", "Type": 3, "Id": 5163, "Name": "Glyph of Health"}, {"Tier": 2, "Description": "+0.42 health per level (+7.56 at champion level 18)", "Type": 3, "Id": 5164, "Name": "Glyph of Scaling Health"}, {"Tier": 2, "Description": "+0.55 armor", "Type": 3, "Id": 5165, "Name": "Glyph of Armor"}, {"Tier": 2, "Description": "+1.04 magic resist", "Type": 3, "Id": 5167, "Name": "Glyph of Magic Resist"}, {"Tier": 2, "Description": "+0.13 magic resist per level (+2.34 at champion level 18)", "Type": 3, "Id": 5168, "Name": "Glyph of Scaling Magic Resist"}, {"Tier": 2, "Description": "+0.21 health regen / 5 sec.", "Type": 3, "Id": 5169, "Name": "Glyph of Health Regeneration"}, {"Tier": 3, "Description": "+2.67 health", "Type": 3, "Id": 5285, "Name": "Greater Glyph of Health"}, {"Tier": 1, "Description": "+1.24 Lethality / +0.78 Magic Penetration", "Type": 4, "Id": 5416, "Name": "Lesser Quintessence of Precision"}, {"Tier": 3, "Description": "+0.7 armor", "Type": 3, "Id": 5287, "Name": "Greater Glyph of Armor"}, {"Tier": 3, "Description": "+0.54 health per level (+9.72 at champion level 18)", "Type": 3, "Id": 5286, "Name": "Greater Glyph of Scaling Health"}, {"Tier": 2, "Description": "+0.09 health regen / 5 sec. per level (+1.62 at champion level 18)", "Type": 2, "Id": 5200, "Name": "Seal of Scaling Health Regeneration"}, {"Tier": 2, "Description": "-0.29% cooldowns", "Type": 2, "Id": 5203, "Name": "Seal of Cooldown Reduction"}, {"Tier": 3, "Description": "+0.16 armor per level (+3 at champion level 18)", "Type": 2, "Id": 5318, "Name": "Greater Seal of Scaling Armor"}, {"Tier": 2, "Description": "+0.46 ability power", "Type": 2, "Id": 5205, "Name": "Seal of Ability Power"}, {"Tier": 1, "Description": "+3.56 health", "Type": 2, "Id": 8009, "Name": "Lesser Seal of the Medalist"}, {"Tier": 2, "Description": "+5.36 mana", "Type": 2, "Id": 5207, "Name": "Seal of Mana"}, {"Tier": 2, "Description": "+0.08 ability power per level (+1.44 at champion level 18)", "Type": 2, "Id": 5206, "Name": "Seal of Scaling Ability Power"}, {"Tier": 1, "Description": "+0.15 health regen / 5 sec.", "Type": 3, "Id": 5047, "Name": "Lesser Glyph of Health Regeneration"}, {"Tier": 1, "Description": "+0.09 magic resist per level (+1.68 at champion level 18)", "Type": 3, "Id": 5046, "Name": "Lesser Glyph of Scaling Magic Resist"}, {"Tier": 1, "Description": "+0.74 magic resist", "Type": 3, "Id": 5045, "Name": "Lesser Glyph of Magic Resist"}, {"Tier": 1, "Description": "+1.13% attack speed", "Type": 1, "Id": 8007, "Name": "Lesser Mark of Alpine Attack Speed"}, {"Tier": 1, "Description": "+0.39 armor", "Type": 3, "Id": 5043, "Name": "Lesser Glyph of Armor"}, {"Tier": 1, "Description": "+0.3 health per level (+5.4 at champion level 18)", "Type": 3, "Id": 5042, "Name": "Lesser Glyph of Scaling Health"}, {"Tier": 1, "Description": "+1.49 health", "Type": 3, "Id": 5041, "Name": "Lesser Glyph of Health"}, {"Tier": 2, "Description": "+0.08 magic resist per level (+1.44 at champion level 18)", "Type": 2, "Id": 5198, "Name": "Seal of Scaling Magic Resist"}, {"Tier": 3, "Description": "+0.24 mana regen / 5 sec. per level (+4.32 at champion level 18)", "Type": 4, "Id": 5362, "Name": "Greater Quintessence of Scaling Mana Regeneration"}, {"Tier": 3, "Description": "+2.01 magic penetration", "Type": 4, "Id": 5363, "Name": "Greater Quintessence of Magic Penetration"}, {"Tier": 3, "Description": "+4.17 mana per level (+75.06 at champion level 18)", "Type": 4, "Id": 5360, "Name": "Greater Quintessence of Scaling Mana"}, {"Tier": 3, "Description": "+1.25 mana regen / 5 sec.", "Type": 4, "Id": 5361, "Name": "Greater Quintessence of Mana Regeneration"}, {"Tier": 3, "Description": "-5% time dead", "Type": 4, "Id": 5366, "Name": "Greater Quintessence of Revival"}, {"Tier": 3, "Description": "+1 gold / 10 sec.", "Type": 4, "Id": 5367, "Name": "Greater Quintessence of Gold"}, {"Tier": 3, "Description": "+1.5% movement speed", "Type": 4, "Id": 5365, "Name": "Greater Quintessence of Movement Speed"}, {"Tier": 3, "Description": "+2% experience gained", "Type": 4, "Id": 5368, "Name": "Greater Quintessence of Experience"}, {"Tier": 3, "Description": "+0.63 Energy regen/5 sec", "Type": 2, "Id": 5369, "Name": "Greater Seal of Energy Regeneration"}, {"Tier": 3, "Description": "+0.27 health regen / 5 sec.", "Type": 3, "Id": 5291, "Name": "Greater Glyph of Health Regeneration"}, {"Tier": 3, "Description": "+1.17 mana per level (+21.06 at champion level 18)", "Type": 2, "Id": 5330, "Name": "Greater Seal of Scaling Mana"}, {"Tier": 3, "Description": "+0.42% critical chance", "Type": 2, "Id": 5311, "Name": "Greater Seal of Critical Chance"}, {"Tier": 3, "Description": "+0.25 gold / 10 sec.", "Type": 2, "Id": 5403, "Name": "Greater Seal of Gold"}]